x,y,domain,emotion
33.17357635498047,-31.72477912902832,source,neutral
35.2800407409668,-31.22956085205078,source,neutral
-41.91720962524414,-3.7117044925689697,source,neutral
-29.43026351928711,-21.18216896057129,source,neutral
-16.766551971435547,-7.399123668670654,source,neutral
-10.667097091674805,-8.197590827941895,source,neutral
-11.373074531555176,-8.216161727905273,source,angry
-0.8441874384880066,9.986882209777832,source,neutral
5.039031982421875,38.329830169677734,source,angry
-0.18851137161254883,17.182369232177734,source,angry
-49.44790267944336,0.7722762227058411,source,sad
48.37699890136719,-22.397048950195312,source,sad
-46.765464782714844,6.851998329162598,source,sad
-46.61301803588867,6.966372966766357,source,neutral
-47.159175872802734,0.5731725096702576,source,sad
-44.65426254272461,-3.1295409202575684,source,sad
-42.62589645385742,8.368927001953125,source,neutral
-5.584156513214111,33.868568420410156,source,sad
-48.12497329711914,3.056382417678833,source,sad
-48.66854476928711,1.5115442276000977,source,sad
-48.903465270996094,1.1792774200439453,source,sad
-45.45161056518555,-2.4452850818634033,source,sad
-45.38016891479492,-2.1154534816741943,source,sad
-42.01958465576172,8.632969856262207,source,sad
-42.489097595214844,7.959391117095947,source,sad
-42.49306869506836,-3.0030481815338135,source,sad
-37.26807403564453,-10.156282424926758,source,neutral
-8.150288581848145,35.299381256103516,source,sad
-47.19913101196289,4.188521385192871,source,neutral
-47.6086540222168,1.9119073152542114,source,sad
-45.07758712768555,-0.25451600551605225,source,sad
-46.227054595947266,-5.770534038543701,source,sad
-43.44279861450195,3.5157573223114014,source,sad
-40.692745208740234,-5.572087287902832,source,sad
-33.76375198364258,1.6194835901260376,source,sad
-44.51177978515625,0.5232201814651489,source,sad
-48.84178161621094,-4.849820137023926,source,angry
-40.12287139892578,-9.50098705291748,source,sad
42.48412322998047,-35.01007080078125,source,sad
47.24877166748047,-21.306617736816406,source,sad
-44.2044792175293,2.841383218765259,source,neutral
-42.9767951965332,-1.4800587892532349,source,sad
-44.081024169921875,2.302387237548828,source,sad
-24.692073822021484,-26.962160110473633,source,neutral
-21.433652877807617,-11.779043197631836,source,happy
-21.750930786132812,-10.908899307250977,source,happy
-6.875045299530029,-17.146591186523438,source,happy
-11.426572799682617,17.055438995361328,source,happy
-9.754603385925293,5.214478492736816,source,happy
-14.220410346984863,-15.080784797668457,source,happy
-9.267317771911621,26.738317489624023,source,happy
-6.003354072570801,31.0515193939209,source,happy
8.608123779296875,10.896891593933105,source,happy
-11.466797828674316,-23.39402198791504,source,happy
-7.0205397605896,-17.000816345214844,source,happy
-12.245474815368652,-6.5654096603393555,source,happy
-14.653637886047363,-10.758996963500977,source,happy
-6.062636852264404,21.576791763305664,source,happy
-5.481781482696533,30.03749656677246,source,happy
-13.059812545776367,17.614280700683594,source,happy
-19.268056869506836,-13.17066478729248,source,happy
-15.135940551757812,-5.508791446685791,source,neutral
-5.093591690063477,32.480140686035156,source,neutral
-28.755855560302734,-19.58580207824707,source,neutral
-19.78860092163086,-20.880292892456055,source,happy
-6.523721694946289,28.904600143432617,source,happy
-30.64797019958496,-10.932331085205078,source,neutral
-19.089317321777344,18.359071731567383,source,happy
-4.832215785980225,9.744351387023926,source,happy
-9.20934009552002,33.85673904418945,source,happy
-28.855785369873047,-2.6889359951019287,source,neutral
-23.93254280090332,-12.963953971862793,source,neutral
-13.113892555236816,9.88426399230957,source,happy
-10.429946899414062,0.9352505803108215,source,happy
-28.942359924316406,-12.127314567565918,source,happy
-18.255382537841797,-12.647196769714355,source,neutral
-13.434962272644043,-4.844822883605957,source,happy
39.7320442199707,-32.24300003051758,source,neutral
-14.30408763885498,35.7097053527832,source,neutral
-7.646851062774658,-16.888179779052734,source,happy
-5.865298271179199,17.57520866394043,source,neutral
-13.208803176879883,32.52449035644531,source,happy
-11.674433708190918,-3.567805767059326,source,happy
-14.924836158752441,16.570276260375977,source,happy
-12.36754035949707,-5.3490071296691895,source,happy
-17.89057731628418,-12.302719116210938,source,neutral
-13.854174613952637,36.97211837768555,source,neutral
-12.749674797058105,36.68840408325195,source,neutral
-23.82280158996582,6.831900119781494,source,neutral
-19.76742172241211,-12.609329223632812,source,happy
-18.58596420288086,18.305604934692383,source,happy
-29.518373489379883,-4.018810749053955,source,neutral
-5.531650543212891,32.799312591552734,source,neutral
-5.748605728149414,32.626407623291016,source,neutral
-48.923118591308594,-4.767026424407959,source,neutral
-5.9158759117126465,16.81892967224121,source,neutral
-32.315250396728516,-15.79899787902832,source,neutral
-4.9230170249938965,34.64536666870117,source,neutral
1.287446141242981,15.079442977905273,source,neutral
-18.190876007080078,-32.6317253112793,source,neutral
-7.391982555389404,33.17449951171875,source,angry
-21.59440803527832,-5.949986934661865,source,angry
-26.06682777404785,11.139264106750488,source,angry
27.040395736694336,4.362635612487793,source,angry
8.556310653686523,11.020090103149414,source,angry
-3.748969316482544,-11.800928115844727,source,angry
-8.424598693847656,32.920814514160156,source,angry
-43.60871887207031,-2.1154470443725586,source,neutral
42.34785842895508,-31.118709564208984,source,neutral
-42.81919860839844,-6.971691608428955,source,neutral
36.562461853027344,-32.91871643066406,source,neutral
-30.156665802001953,0.8515849113464355,source,neutral
-27.770753860473633,-12.426738739013672,source,neutral
-40.32391357421875,-6.59196662902832,source,neutral
37.03419876098633,-32.46280288696289,source,neutral
50.51302719116211,-24.01163673400879,source,neutral
-13.635564804077148,-25.780363082885742,source,neutral
58.737789154052734,-20.82180404663086,source,neutral
-27.50588035583496,-12.265608787536621,source,neutral
-39.829132080078125,-2.360494613647461,source,neutral
-43.216819763183594,-4.718902111053467,source,neutral
-12.85013484954834,35.73630142211914,source,neutral
-14.136382102966309,22.58211326599121,source,neutral
-37.67594528198242,-2.8139986991882324,source,neutral
-14.015237808227539,-25.700218200683594,source,neutral
-28.02189826965332,4.511634349822998,source,neutral
42.28567886352539,-30.640457153320312,source,neutral
-17.4626407623291,-27.55437660217285,source,neutral
-17.011253356933594,29.702640533447266,source,neutral
35.28731918334961,-33.627384185791016,source,neutral
-38.88707733154297,-3.7828168869018555,source,neutral
53.16933822631836,-24.269371032714844,source,neutral
-39.65208053588867,-7.645002365112305,source,neutral
-28.268604278564453,-18.977005004882812,source,neutral
-9.821985244750977,-33.5252799987793,source,neutral
54.68645095825195,-23.524110794067383,source,neutral
49.55101776123047,-23.62384605407715,source,neutral
-27.31561279296875,-15.23845386505127,source,neutral
-33.559085845947266,-6.000900745391846,source,angry
-20.73230743408203,-6.4037675857543945,source,angry
-7.204196929931641,31.146318435668945,source,angry
-0.16639019548892975,32.20706558227539,source,angry
-16.4212703704834,-18.27309226989746,source,angry
2.3117761611938477,3.943030834197998,source,angry
-7.631278038024902,-9.166664123535156,source,angry
-8.048023223876953,-9.610712051391602,source,angry
-9.177597045898438,-5.350485801696777,source,angry
-3.879842519760132,25.624128341674805,source,angry
-10.735828399658203,-21.834413528442383,source,angry
8.79399299621582,8.343018531799316,source,angry
-0.909538984298706,-4.020247459411621,source,angry
9.663933753967285,10.52755355834961,source,angry
-10.282803535461426,-7.107269287109375,source,angry
-14.925135612487793,-12.478425979614258,source,angry
-19.440399169921875,-4.9745612144470215,source,angry
-9.842504501342773,-8.692808151245117,source,angry
-22.788896560668945,-16.978641510009766,source,angry
-16.99884796142578,-5.626382827758789,source,angry
-34.07044982910156,-8.12324047088623,source,angry
-2.5701522827148438,-11.45165729522705,source,angry
0.9724233746528625,14.631657600402832,source,angry
-25.728500366210938,-20.14516258239746,source,neutral
-20.215986251831055,-30.264219284057617,source,happy
43.907936096191406,-30.519638061523438,source,happy
-25.171855926513672,-22.197961807250977,source,neutral
55.87113952636719,-20.99711036682129,source,neutral
4.096401691436768,13.207852363586426,source,neutral
58.44264602661133,-20.453306198120117,source,neutral
-17.511796951293945,29.683849334716797,source,neutral
-28.48744010925293,-22.418956756591797,source,neutral
-8.89820671081543,24.81038475036621,source,neutral
-12.544963836669922,31.470216751098633,source,neutral
7.6491241455078125,10.775117874145508,source,neutral
-21.560659408569336,-27.408090591430664,source,neutral
-15.267346382141113,-30.005754470825195,source,neutral
-23.49908447265625,-1.0569170713424683,source,neutral
-11.930843353271484,36.1230354309082,source,neutral
-14.401935577392578,33.97963333129883,source,neutral
-18.417448043823242,-25.911949157714844,source,neutral
-15.864891052246094,-29.881473541259766,source,neutral
41.27616500854492,-32.519775390625,source,neutral
-8.156083106994629,24.50082015991211,source,neutral
5.367499351501465,23.851619720458984,source,neutral
56.02075958251953,-22.290485382080078,source,neutral
2.895310878753662,13.57235050201416,source,neutral
-18.47463607788086,-27.56692886352539,source,neutral
-21.94296646118164,-12.980475425720215,source,neutral
-9.233936309814453,13.006143569946289,source,neutral
-14.289961814880371,-0.9988974928855896,source,neutral
-26.125774383544922,-15.226590156555176,source,neutral
-16.300556182861328,31.591997146606445,source,neutral
-40.65619659423828,0.3370848000049591,source,neutral
-39.13086700439453,-10.923099517822266,source,sad
54.970069885253906,-22.243810653686523,source,sad
51.45438003540039,-20.767488479614258,source,neutral
51.6585693359375,-21.122285842895508,source,neutral
-44.86503219604492,3.140742301940918,source,sad
-39.648719787597656,5.249515533447266,source,sad
-40.77278518676758,5.545611381530762,source,sad
-40.27863311767578,5.399938583374023,source,neutral
-49.545654296875,-0.2052348554134369,source,sad
-8.545473098754883,35.349308013916016,source,sad
55.969661712646484,-19.65550994873047,source,sad
48.59103775024414,-21.693599700927734,source,sad
49.81102752685547,-20.91202735900879,source,sad
-39.66484451293945,7.3923516273498535,source,neutral
-48.244293212890625,-1.0144506692886353,source,sad
-39.55580520629883,5.176048755645752,source,neutral
53.28264236450195,-20.8974666595459,source,neutral
-38.29172134399414,2.0635228157043457,source,sad
47.14707946777344,-21.264175415039062,source,sad
-45.66168212890625,0.9020123481750488,source,sad
-39.25868606567383,8.472625732421875,source,sad
-49.6231575012207,-0.7856199741363525,source,neutral
-38.363460540771484,-13.828958511352539,source,sad
-45.20216751098633,-0.4952821433544159,source,neutral
50.580169677734375,-20.563648223876953,source,neutral
-40.56642150878906,0.5134478807449341,source,sad
53.479591369628906,-22.954059600830078,source,neutral
56.84086990356445,-19.058279037475586,source,neutral
52.94036865234375,-22.254526138305664,source,neutral
41.439884185791016,-33.727352142333984,source,sad
-41.21432113647461,-8.144620895385742,source,neutral
53.986297607421875,-23.686664581298828,source,neutral
58.64455795288086,-19.649709701538086,source,neutral
-27.09560203552246,-21.789960861206055,source,neutral
49.219032287597656,-20.834848403930664,source,neutral
-26.396459579467773,-21.128559112548828,source,neutral
53.25015640258789,-22.108081817626953,source,neutral
42.656837463378906,-32.71708679199219,source,neutral
-38.02571487426758,-12.077744483947754,source,neutral
35.501068115234375,-33.174163818359375,source,sad
-11.436775207519531,18.23305320739746,source,happy
-8.546250343322754,7.377675533294678,source,happy
-6.681416988372803,-16.0749454498291,source,happy
-8.624983787536621,4.141211986541748,source,happy
-7.135779857635498,-15.75073528289795,source,happy
-10.981330871582031,19.340862274169922,source,happy
-10.742356300354004,28.189510345458984,source,happy
-13.157737731933594,27.57184600830078,source,happy
-26.748451232910156,-9.466375350952148,source,happy
2.344593048095703,17.80011749267578,source,happy
2.177557945251465,16.92514419555664,source,happy
-11.875418663024902,18.364055633544922,source,happy
-12.586028099060059,16.000661849975586,source,happy
-11.163068771362305,28.48910140991211,source,happy
-12.241849899291992,-6.585222244262695,source,happy
-10.461288452148438,27.618074417114258,source,happy
-15.2476224899292,-12.05990982055664,source,happy
-11.917908668518066,3.0004801750183105,source,happy
-11.837448120117188,9.915786743164062,source,happy
-12.375601768493652,15.614945411682129,source,happy
-10.989994049072266,20.906726837158203,source,happy
-9.040194511413574,4.718946933746338,source,happy
-12.986696243286133,10.836763381958008,source,happy
-2.649975538253784,24.17755699157715,source,happy
-10.95057487487793,-24.951963424682617,source,happy
0.7309794425964355,7.794591426849365,source,happy
-17.2535400390625,-31.517616271972656,source,happy
-25.773881912231445,-25.940553665161133,source,happy
-14.69320297241211,-2.904651641845703,source,neutral
-10.664633750915527,-19.27227783203125,source,neutral
-10.24247932434082,4.013456344604492,source,happy
-15.775571823120117,23.770280838012695,source,happy
-31.652982711791992,2.1462833881378174,source,happy
56.20798110961914,-19.089305877685547,source,happy
-22.84853172302246,0.23738963901996613,source,neutral
-40.21392059326172,-5.933253765106201,source,neutral
-34.684329986572266,-12.80599594116211,source,angry
-3.6156485080718994,28.178871154785156,source,angry
-35.187435150146484,-3.704197406768799,source,neutral
-17.682579040527344,-2.772731304168701,source,angry
-8.965505599975586,-8.547728538513184,source,angry
-14.63912296295166,-27.611934661865234,source,angry
-22.1409854888916,-5.995907783508301,source,angry
-38.915103912353516,-6.62839937210083,source,neutral
-27.53877830505371,11.55974292755127,source,angry
-8.763666152954102,-6.20167875289917,source,angry
-10.724042892456055,-22.30082130432129,source,angry
3.8054158687591553,36.06761169433594,source,angry
-19.380754470825195,-3.4862420558929443,source,angry
-40.580326080322266,-4.948557376861572,source,neutral
-42.7379264831543,-5.401118278503418,source,neutral
-42.15550994873047,-0.9672529101371765,source,neutral
51.917354583740234,-23.91507339477539,source,neutral
43.01261901855469,-30.304203033447266,source,neutral
-34.4666748046875,3.977306842803955,source,neutral
-38.28966522216797,-6.288712024688721,source,neutral
33.09164810180664,-30.446727752685547,source,neutral
56.831085205078125,-20.836400985717773,source,neutral
42.58342361450195,-34.57464599609375,source,neutral
-26.764026641845703,-20.158794403076172,source,neutral
-27.563594818115234,-14.27384090423584,source,neutral
-11.184285163879395,32.9503059387207,source,angry
-9.86052417755127,-33.64499282836914,source,neutral
-37.942649841308594,6.817746639251709,source,neutral
-29.75709342956543,-1.3680466413497925,source,neutral
-32.492740631103516,2.2258453369140625,source,neutral
32.59476089477539,-30.765249252319336,source,neutral
32.51070785522461,-31.080368041992188,source,neutral
-28.86882972717285,11.52899169921875,source,angry
-26.693403244018555,-26.130043029785156,source,angry
0.6927659511566162,33.16701126098633,source,angry
27.332183837890625,4.707864761352539,source,angry
5.242483139038086,37.93404006958008,source,angry
4.217774868011475,35.386627197265625,source,angry
-10.293410301208496,35.62644958496094,source,angry
4.112335205078125,35.410865783691406,source,angry
-0.43942323327064514,33.71615219116211,source,angry
-4.555431842803955,24.90081787109375,source,angry
-41.99854278564453,2.25034236907959,source,neutral
-31.179555892944336,-11.541794776916504,source,neutral
-16.453304290771484,-19.516939163208008,source,neutral
-29.340129852294922,11.588207244873047,source,angry
1.8227540254592896,33.3336181640625,source,angry
-28.03868293762207,-2.0290958881378174,source,neutral
-47.589664459228516,4.889005184173584,source,neutral
-48.863677978515625,0.42869046330451965,source,neutral
-47.0572395324707,-1.536815881729126,source,neutral
-20.455291748046875,-14.63587760925293,source,neutral
-45.67131423950195,-3.0739643573760986,source,neutral
-48.35636901855469,2.0471549034118652,source,neutral
-37.21906280517578,-11.50217056274414,source,neutral
-9.56746768951416,36.282569885253906,source,neutral
-46.708839416503906,6.909626007080078,source,neutral
55.950462341308594,-18.203296661376953,source,happy
-28.932708740234375,-4.195650100708008,source,happy
-12.373586654663086,18.31194305419922,source,happy
-16.891010284423828,-26.890438079833984,source,happy
-44.694419860839844,7.8632001876831055,source,neutral
-44.34410858154297,7.0976057052612305,source,neutral
-47.07840347290039,3.7155978679656982,source,neutral
-31.519493103027344,-2.5572402477264404,source,happy
-5.0512189865112305,27.865633010864258,source,happy
-17.44516944885254,-2.805908679962158,source,happy
2.6227989196777344,36.252925872802734,source,happy
-31.500890731811523,-10.922723770141602,source,happy
-46.55815124511719,0.9302390217781067,source,neutral
-39.439762115478516,-1.926469326019287,source,sad
-43.18349075317383,6.773069858551025,source,sad
-48.96798324584961,-2.2228329181671143,source,sad
-48.061424255371094,-2.6718761920928955,source,sad
-31.70653533935547,-20.118005752563477,source,neutral
43.448486328125,-30.542165756225586,source,neutral
56.527809143066406,-19.938478469848633,source,sad
52.76302719116211,-23.49544906616211,source,neutral
36.287803649902344,-35.87632751464844,source,sad
-42.10297393798828,8.595480918884277,source,happy
-44.63395690917969,-2.826643228530884,source,happy
-39.7026252746582,-3.8869028091430664,source,neutral
-39.090431213378906,-5.952094078063965,source,neutral
42.68030548095703,-33.47222137451172,source,happy
42.13139724731445,-29.989810943603516,source,neutral
-34.3848876953125,-14.938333511352539,source,neutral
-38.47467041015625,6.7446699142456055,source,neutral
50.228416442871094,-20.939598083496094,source,happy
-43.4755859375,4.029761791229248,source,happy
-43.33476638793945,-0.4851495325565338,source,happy
-15.237582206726074,13.072023391723633,source,happy
-12.327508926391602,32.39144515991211,source,happy
-38.12228775024414,-12.207114219665527,source,happy
48.70220947265625,-22.963476181030273,source,happy
-19.927953720092773,-16.811861038208008,source,happy
33.65504837036133,-31.89849090576172,source,happy
51.011112213134766,-21.680273056030273,source,happy
1.0533455610275269,10.648866653442383,source,happy
-22.976978302001953,0.3992442190647125,source,happy
52.700984954833984,-21.59048080444336,source,happy
-28.863203048706055,-13.241850852966309,source,sad
-8.98857593536377,-33.48984146118164,source,sad
-44.75325393676758,0.9452738761901855,source,sad
42.82662582397461,-34.653236389160156,source,sad
-42.25165939331055,3.424945116043091,source,sad
33.217254638671875,-30.728147506713867,source,sad
50.641197204589844,-23.055173873901367,source,sad
-43.28580093383789,4.619810104370117,source,sad
-41.59253692626953,3.704771041870117,source,sad
-30.19757652282715,-13.460592269897461,source,neutral
-43.45866775512695,1.3636654615402222,source,happy
-34.030433654785156,-15.239509582519531,source,neutral
42.91316223144531,-31.09520721435547,source,neutral
-20.11794090270996,-20.38644790649414,source,neutral
-12.110532760620117,-20.770097732543945,source,angry
-10.670129776000977,-19.44701385498047,source,angry
57.31291961669922,-21.288803100585938,source,angry
-25.944000244140625,-25.37238883972168,source,neutral
-22.0887393951416,-24.50847816467285,source,happy
-30.416597366333008,-18.7962703704834,source,sad
-22.1700439453125,-7.63892126083374,source,angry
-27.41916847229004,11.429625511169434,source,angry
-35.49304962158203,-6.182109832763672,source,neutral
-30.35053062438965,-4.33664608001709,source,angry
-38.97636413574219,-10.173330307006836,source,neutral
-42.698089599609375,-4.108162879943848,source,neutral
-12.261388778686523,33.5703125,source,happy
-32.66210174560547,4.03870964050293,source,neutral
0.9362444281578064,33.7805290222168,source,happy
-35.44967269897461,8.419777870178223,source,sad
-10.806140899658203,33.7450065612793,source,happy
-9.803442001342773,-11.405506134033203,source,sad
-15.150264739990234,-1.4541319608688354,source,angry
-19.006271362304688,-6.9636921882629395,source,neutral
-31.48655128479004,-17.45098114013672,source,neutral
-16.01995849609375,-31.316251754760742,source,neutral
-21.695831298828125,-28.706748962402344,source,neutral
-22.01018524169922,5.730148792266846,source,neutral
-18.42230987548828,-13.81589126586914,source,neutral
-35.47123336791992,8.340654373168945,source,neutral
-26.503122329711914,3.703489303588867,source,neutral
2.09503436088562,8.676528930664062,source,happy
-32.48710250854492,3.0614569187164307,source,neutral
-36.44798278808594,-6.937534332275391,source,neutral
-30.391244888305664,-2.6903183460235596,source,neutral
-30.06514549255371,-23.664756774902344,source,neutral
-22.57034683227539,7.005481243133545,source,neutral
-10.767974853515625,33.21338653564453,source,happy
-13.383787155151367,34.0371208190918,source,neutral
-11.837579727172852,34.38922119140625,source,neutral
3.080618143081665,9.260502815246582,source,neutral
-13.766932487487793,-23.41663360595703,source,neutral
-22.014177322387695,6.063670635223389,source,neutral
1.0251154899597168,34.351158142089844,source,happy
-12.763318061828613,34.628536224365234,source,happy
-16.63269805908203,34.5290412902832,source,happy
-15.124256134033203,34.313472747802734,source,happy
-38.67267608642578,9.129159927368164,source,happy
-27.53692626953125,4.30588436126709,source,happy
-42.00972366333008,1.974859356880188,source,happy
-41.49124526977539,-6.176651477813721,source,happy
-30.52767562866211,-19.42808723449707,source,neutral
35.95070266723633,-31.48505210876465,source,neutral
-3.838984489440918,28.57424545288086,source,angry
-26.74814796447754,13.357877731323242,source,angry
-4.259504795074463,20.663766860961914,source,angry
-1.9453637599945068,33.20604705810547,source,angry
-7.329766750335693,-5.967652320861816,source,angry
0.5008397698402405,32.93347930908203,source,angry
-1.1545264720916748,10.181249618530273,source,angry
-6.340202808380127,35.36006546020508,source,sad
-10.120792388916016,-6.844571113586426,source,angry
-41.4195671081543,8.78272533416748,source,neutral
-24.64278221130371,-20.451250076293945,source,happy
-41.973182678222656,0.5565062761306763,source,sad
52.54227066040039,-21.138540267944336,source,neutral
54.125267028808594,-22.758089065551758,source,sad
57.542137145996094,-20.39141845703125,source,neutral
-24.07611656188965,8.503254890441895,source,angry
-43.25776290893555,-6.295372009277344,source,sad
50.98830795288086,-21.96632194519043,source,sad
-42.93996810913086,6.22822904586792,source,sad
-45.588722229003906,2.862039804458618,source,neutral
-45.47768020629883,-1.5118727684020996,source,happy
-13.335803985595703,-5.987655162811279,source,happy
41.775630950927734,-30.979541778564453,source,happy
48.225494384765625,-23.242294311523438,source,happy
-25.27813148498535,-26.558847427368164,source,sad
54.10542678833008,-24.99587059020996,source,neutral
-25.855548858642578,-19.471818923950195,source,happy
-28.923770904541016,-15.247771263122559,source,happy
-36.86586380004883,-5.061668395996094,source,neutral
-32.816917419433594,2.3810884952545166,source,neutral
-24.393402099609375,-0.43484237790107727,source,neutral
-46.175270080566406,-6.005340576171875,source,happy
-12.436782836914062,35.89474868774414,source,neutral
36.3221435546875,-36.14460372924805,source,neutral
4.402033805847168,12.390219688415527,source,neutral
-44.306060791015625,-1.377784252166748,source,neutral
-31.54441261291504,-12.606539726257324,source,happy
-35.29163360595703,-0.27651816606521606,source,happy
-44.18651580810547,-0.3920119106769562,source,neutral
49.02082061767578,-23.241907119750977,source,angry
-39.0927734375,-6.978128910064697,source,sad
-41.5056266784668,2.643383502960205,source,sad
-42.75367736816406,-0.9921101331710815,source,neutral
-33.377662658691406,2.679551839828491,source,neutral
55.74739456176758,-23.014623641967773,source,neutral
-31.27168083190918,-8.852094650268555,source,happy
-35.57337188720703,-7.836829662322998,source,sad
59.04786682128906,-20.065048217773438,source,happy
-44.04682159423828,-4.64286470413208,source,neutral
-50.482662200927734,-1.8030643463134766,source,neutral
58.25226593017578,-19.886486053466797,source,happy
-43.03773498535156,-6.478280067443848,source,happy
-40.31816864013672,-2.1748504638671875,source,happy
-16.04353141784668,25.337446212768555,source,happy
-14.333391189575195,-6.3841552734375,source,happy
-15.227785110473633,-15.744636535644531,source,happy
0.1651923805475235,14.132105827331543,source,happy
-14.357243537902832,-5.804296016693115,source,happy
-14.252635955810547,-7.087854385375977,source,happy
-10.006490707397461,5.2885308265686035,source,happy
-30.00519371032715,-17.587913513183594,source,happy
-25.36890983581543,-2.0684142112731934,source,happy
-33.88088607788086,3.7466084957122803,source,happy
-25.88582420349121,-14.17408561706543,source,happy
-19.010732650756836,-13.866500854492188,source,happy
-25.50058364868164,10.219316482543945,source,happy
-16.66825294494629,-3.240429401397705,source,happy
-27.321117401123047,-16.632070541381836,source,happy
-13.32348346710205,11.199490547180176,source,happy
-14.482336044311523,-6.292077541351318,source,happy
-7.865853309631348,33.365535736083984,source,happy
-12.857730865478516,-32.69127655029297,source,happy
9.436205863952637,10.166586875915527,source,happy
0.10435892641544342,16.97441864013672,source,happy
-17.002891540527344,-26.545061111450195,source,happy
0.05887012183666229,3.2534055709838867,source,happy
-11.961097717285156,3.586928606033325,source,happy
-13.479097366333008,16.595407485961914,source,happy
-33.77656173706055,1.0777778625488281,source,happy
-32.2413215637207,-10.173772811889648,source,happy
-42.28413009643555,-8.051255226135254,source,happy
-34.31222915649414,9.024200439453125,source,happy
-14.767631530761719,14.6668062210083,source,happy
1.248854398727417,-1.8062694072723389,source,happy
-25.332542419433594,-21.295673370361328,source,happy
-13.604389190673828,31.782472610473633,source,happy
-25.37808609008789,-20.996660232543945,source,happy
-11.569483757019043,21.164472579956055,source,happy
-23.67451286315918,-1.1479862928390503,source,happy
-23.583375930786133,4.245589256286621,source,happy
2.7504570484161377,9.724666595458984,source,happy
-28.96670913696289,-1.131394624710083,source,happy
-38.991390228271484,-9.444694519042969,source,happy
-25.458051681518555,-0.11301203817129135,source,happy
-24.31219482421875,-12.456355094909668,source,happy
-27.826860427856445,-0.9098729491233826,source,happy
-13.129353523254395,33.39574432373047,source,happy
-25.2830867767334,-14.691483497619629,source,happy
-15.016582489013672,20.962339401245117,source,happy
-13.787983894348145,30.531553268432617,source,happy
7.7542405128479,14.450468063354492,source,happy
-18.405847549438477,-28.61212921142578,source,happy
-24.0303955078125,-12.255167007446289,source,happy
-28.960948944091797,-23.547351837158203,source,happy
5.674319744110107,25.323875427246094,source,happy
-15.509510040283203,7.426852226257324,source,happy
-30.00034523010254,-2.343867778778076,source,happy
-14.127145767211914,15.571377754211426,source,happy
-12.84106159210205,12.740991592407227,source,happy
-21.92345428466797,3.1778481006622314,source,happy
-16.187583923339844,16.536985397338867,source,happy
-19.968547821044922,4.193037509918213,source,happy
-9.7105073928833,-4.994095325469971,source,happy
0.4552918076515198,16.11370277404785,source,happy
-5.537306308746338,20.883615493774414,source,neutral
-33.798004150390625,-8.273316383361816,source,neutral
42.046573638916016,-31.47635269165039,source,angry
-27.995718002319336,11.571961402893066,source,angry
-25.369504928588867,-1.8432130813598633,source,angry
0.09121785312891006,9.242297172546387,source,angry
-28.856069564819336,-21.637802124023438,source,angry
-24.24308967590332,-24.74390411376953,source,angry
-3.855844259262085,25.841197967529297,source,angry
-13.71953296661377,-9.190847396850586,source,angry
32.4918098449707,-32.32448196411133,source,angry
3.4263105392456055,20.68887710571289,source,angry
-10.890449523925781,-22.868425369262695,source,angry
1.7764465808868408,15.102880477905273,source,angry
-21.087574005126953,-21.803184509277344,source,angry
5.58238410949707,-0.5070222616195679,source,angry
-9.428662300109863,-23.52506446838379,source,angry
-14.942818641662598,-35.036930084228516,source,neutral
-20.969593048095703,-5.420260906219482,source,neutral
-26.815963745117188,13.475815773010254,source,neutral
-29.483861923217773,1.4819453954696655,source,angry
-17.229400634765625,-6.1547651290893555,source,angry
-11.044038772583008,18.79738426208496,source,angry
-4.344368934631348,24.876359939575195,source,angry
-26.803953170776367,9.754643440246582,source,angry
-26.338768005371094,-25.560361862182617,source,angry
-23.674190521240234,3.6678543090820312,source,neutral
-28.02570915222168,-10.607304573059082,source,neutral
-1.5257493257522583,-12.942570686340332,source,neutral
-41.79233169555664,-8.097990989685059,source,angry
-27.834243774414062,-20.715681076049805,source,neutral
-13.906929969787598,-2.1310436725616455,source,neutral
-15.864165306091309,-11.429247856140137,source,angry
-36.296165466308594,-3.333534002304077,source,neutral
-26.10274314880371,-14.133962631225586,source,neutral
-28.17372703552246,-22.827335357666016,source,neutral
2.536808490753174,8.797104835510254,source,angry
-12.22387981414795,-9.600954055786133,source,angry
-2.4514639377593994,24.46837615966797,source,angry
-14.254497528076172,-2.4227254390716553,source,angry
1.2946828603744507,10.010542869567871,source,angry
3.7988216876983643,36.386688232421875,source,angry
-4.156050205230713,10.454732894897461,source,sad
-21.568817138671875,4.072397232055664,source,angry
-17.349140167236328,-12.154213905334473,source,angry
-45.598968505859375,3.2541143894195557,source,neutral
-39.36403274536133,-7.15000057220459,source,angry
-24.849403381347656,10.684670448303223,source,angry
-19.791820526123047,-3.3994929790496826,source,angry
-11.297355651855469,-21.02569007873535,source,angry
-6.172078609466553,1.8072268962860107,source,angry
-4.777066707611084,23.833642959594727,source,angry
-33.84727478027344,-16.487606048583984,source,angry
36.41831970214844,-31.50870132446289,source,angry
-3.4112284183502197,-18.049163818359375,source,neutral
-12.469799995422363,-20.319801330566406,source,happy
-5.647597312927246,7.794960021972656,source,angry
-5.775708198547363,0.04407675191760063,source,angry
-5.7105183601379395,-1.6244686841964722,source,angry
-4.99472713470459,25.577816009521484,source,angry
40.40064239501953,-32.94624328613281,source,neutral
-38.376129150390625,2.876680612564087,source,neutral
-31.31243896484375,-5.42822790145874,source,neutral
40.8830680847168,-32.059814453125,source,neutral
-0.36565592885017395,-19.80447769165039,source,angry
-14.561808586120605,-27.3658447265625,source,angry
32.838172912597656,-31.60243034362793,source,sad
-37.301727294921875,1.2602753639221191,source,sad
-39.38011169433594,3.662747621536255,source,sad
-35.063133239746094,-11.89733600616455,source,sad
-35.135231018066406,-6.178570747375488,source,sad
-7.1114702224731445,4.424221515655518,source,sad
-39.948692321777344,8.872265815734863,source,sad
-8.147758483886719,35.728511810302734,source,sad
-37.62907791137695,-6.467870712280273,source,sad
-20.578166961669922,18.68117904663086,source,sad
-39.69454574584961,9.145004272460938,source,sad
-28.505653381347656,-10.436421394348145,source,sad
-24.157480239868164,8.379321098327637,source,happy
-30.590850830078125,-4.6396098136901855,source,angry
-2.693441867828369,-6.478649139404297,source,sad
51.811458587646484,-21.65412139892578,source,sad
-7.6857008934021,-0.4832701086997986,source,happy
-14.502420425415039,-13.017167091369629,source,happy
-22.078493118286133,-7.582489490509033,source,happy
-7.679602146148682,8.812779426574707,source,happy
-17.943315505981445,-25.080219268798828,source,happy
-7.650679111480713,-0.6700785160064697,source,happy
-5.507053852081299,26.612260818481445,source,happy
-5.142270088195801,26.94488525390625,source,happy
-10.468144416809082,17.503812789916992,source,happy
-6.1456379890441895,-3.1644845008850098,source,happy
-18.76746940612793,-26.077388763427734,source,happy
-4.170434951782227,19.95767593383789,source,happy
-8.079383850097656,1.784771203994751,source,happy
-6.571058750152588,0.45000872015953064,source,happy
-4.209491729736328,0.6200135350227356,source,happy
-8.737717628479004,8.439178466796875,source,happy
-5.935640335083008,7.944494724273682,source,happy
-8.032500267028809,8.295145034790039,source,happy
-2.4157211780548096,20.319089889526367,source,happy
-8.84901237487793,22.71600914001465,source,happy
-12.272954940795898,-21.93185806274414,source,happy
42.437068939208984,-32.13634490966797,source,happy
-0.3971460461616516,1.9032806158065796,source,happy
-14.95029067993164,-31.7012996673584,source,happy
-19.042346954345703,-31.025121688842773,source,happy
-6.237570762634277,-21.687458038330078,source,happy
-9.462650299072266,14.010852813720703,source,happy
-15.830063819885254,-26.46784019470215,source,happy
-29.282949447631836,-4.058169841766357,source,happy
-14.126465797424316,-19.863737106323242,source,happy
-20.402198791503906,-2.3182127475738525,source,neutral
-1.1649136543273926,-23.868019104003906,source,happy
-16.36807632446289,26.089492797851562,source,happy
-1.4427413940429688,-18.3712215423584,source,happy
-2.533219337463379,36.76161193847656,source,happy
6.8141961097717285,17.44728660583496,source,happy
-4.764474868774414,-18.28281593322754,source,happy
2.3000199794769287,-5.99855375289917,source,happy
-13.9072847366333,21.220956802368164,source,happy
-17.4776554107666,26.611183166503906,source,neutral
-12.317770957946777,-32.61505126953125,source,neutral
-14.7708158493042,5.388110637664795,source,neutral
1.5686382055282593,-21.531898498535156,source,neutral
-16.327096939086914,-27.71188735961914,source,neutral
3.014317035675049,5.797836780548096,source,neutral
-14.191930770874023,20.83605194091797,source,happy
2.479964256286621,5.456874370574951,source,happy
6.905197620391846,12.133140563964844,source,happy
-2.144798994064331,-22.106693267822266,source,happy
-13.082962036132812,24.091045379638672,source,happy
-0.5959200859069824,-20.019264221191406,source,happy
-10.755949974060059,3.7569494247436523,source,happy
-18.035297393798828,-16.072635650634766,source,happy
-21.623088836669922,-27.919883728027344,source,sad
-31.115934371948242,2.869457244873047,source,sad
-6.415671348571777,35.61074447631836,source,sad
-0.4651864469051361,-12.66054916381836,source,neutral
4.692399501800537,18.07706642150879,source,neutral
-20.90030860900879,-7.478654384613037,source,neutral
5.147652626037598,18.72857093811035,source,neutral
5.296055316925049,18.67105484008789,source,neutral
4.992362976074219,14.68826675415039,source,neutral
0.016624918207526207,-9.994490623474121,source,neutral
-24.910913467407227,0.8090136051177979,source,neutral
-2.68684983253479,36.77623748779297,source,neutral
6.716183185577393,14.398582458496094,source,neutral
55.56944274902344,-21.60443687438965,source,neutral
-13.885586738586426,-35.211788177490234,source,neutral
-9.87157154083252,36.7070198059082,source,neutral
-24.871274948120117,0.9165567755699158,source,neutral
-3.490043878555298,-17.898386001586914,source,neutral
-2.2402191162109375,16.97430419921875,source,neutral
52.53412628173828,-22.42194175720215,source,neutral
-3.980397939682007,22.693096160888672,source,angry
-1.2532459497451782,32.520206451416016,source,angry
-9.058354377746582,-22.0086669921875,source,angry
-4.9778971672058105,26.0939998626709,source,angry
-6.705691337585449,7.3901777267456055,source,angry
59.4172477722168,-19.211231231689453,source,sad
-19.154529571533203,-9.936556816101074,source,neutral
-13.131014823913574,34.24223327636719,source,neutral
6.1292595863342285,14.113302230834961,source,neutral
5.344823360443115,14.941630363464355,source,neutral
5.647931098937988,13.666356086730957,source,neutral
-18.47528839111328,-9.648059844970703,source,neutral
-14.149587631225586,24.112825393676758,source,neutral
0.6219893097877502,12.293657302856445,source,neutral
6.769161224365234,16.157268524169922,source,neutral
-0.9155278205871582,-20.286346435546875,source,neutral
7.962156295776367,15.196866035461426,source,neutral
6.116358280181885,18.584320068359375,source,neutral
1.0375958681106567,-22.312578201293945,source,neutral
6.909470081329346,15.534027099609375,source,neutral
-16.20843505859375,-30.5916805267334,source,neutral
-13.11196231842041,24.714672088623047,source,neutral
-14.08828353881836,-21.414989471435547,source,neutral
-16.13352394104004,-22.57171630859375,source,neutral
-25.860736846923828,-0.09075315296649933,source,neutral
-47.683692932128906,4.6331377029418945,source,sad
-22.740896224975586,-23.393054962158203,source,sad
-6.472630977630615,4.976162433624268,source,sad
55.8055534362793,-20.095287322998047,source,sad
-22.155324935913086,-24.189598083496094,source,sad
50.9746208190918,-24.808622360229492,source,sad
-36.86384582519531,2.41115665435791,source,sad
-20.897926330566406,18.677783966064453,source,sad
-46.33382797241211,1.4686719179153442,source,sad
-16.1673641204834,-12.640945434570312,source,sad
-29.136316299438477,-22.9814395904541,source,sad
-31.073902130126953,-17.203895568847656,source,sad
-13.444503784179688,-21.924898147583008,source,sad
-37.278568267822266,2.9987828731536865,source,sad
53.35907745361328,-21.623661041259766,source,sad
31.401561737060547,-31.226449966430664,source,neutral
-38.42561721801758,-13.715747833251953,source,neutral
-24.38922119140625,-27.00054168701172,source,neutral
42.65401840209961,-29.84890365600586,source,neutral
-40.805030822753906,2.786975622177124,source,neutral
-35.66645812988281,0.8952072858810425,source,neutral
40.9753303527832,-32.87047576904297,source,neutral
-18.534326553344727,29.166786193847656,source,neutral
-48.34912109375,-4.037734508514404,source,neutral
-43.20375442504883,5.5700554847717285,source,neutral
-35.43579864501953,-0.06322946399450302,source,neutral
-18.68340301513672,29.88163948059082,source,neutral
-40.09714126586914,1.495309591293335,source,neutral
-12.064647674560547,-32.38865280151367,source,neutral
-43.30319595336914,5.470468044281006,source,neutral
-12.256437301635742,-33.830230712890625,source,neutral
-18.385257720947266,28.58479118347168,source,neutral
-39.796226501464844,-0.6749060750007629,source,neutral
0.8705527782440186,1.2930080890655518,source,happy
-8.190640449523926,-21.936279296875,source,happy
-4.328300952911377,-29.649415969848633,source,happy
-5.113263130187988,19.347394943237305,source,happy
-15.754654884338379,-35.55082321166992,source,happy
50.93742370605469,-23.74772834777832,source,happy
52.90488815307617,-19.96955108642578,source,happy
-5.835065841674805,19.6934814453125,source,happy
-6.7109880447387695,27.09146499633789,source,happy
-5.822804927825928,-2.233950614929199,source,happy
-3.9074151515960693,-2.279623508453369,source,happy
-8.717801094055176,11.949373245239258,source,happy
-4.477772235870361,-2.4000403881073,source,happy
-13.18283748626709,-31.865388870239258,source,happy
-2.8773505687713623,0.12231267243623734,source,happy
-3.5215301513671875,-18.64259910583496,source,happy
54.12962341308594,-19.505290985107422,source,happy
-3.0641496181488037,1.3963830471038818,source,happy
-9.444151878356934,18.979555130004883,source,happy
-8.86487865447998,26.884836196899414,source,happy
-19.62978744506836,-26.935558319091797,source,happy
-6.93211555480957,9.387492179870605,source,happy
-10.037612915039062,26.454360961914062,source,happy
53.74956512451172,-19.747663497924805,source,happy
-15.767572402954102,-35.948097229003906,source,happy
-6.105742931365967,9.369878768920898,source,happy
-9.147436141967773,18.172090530395508,source,happy
-14.260259628295898,-30.646482467651367,source,happy
-8.027584075927734,1.812084436416626,source,happy
-15.970674514770508,-35.81282424926758,source,happy
-9.125778198242188,-22.622173309326172,source,happy
-5.947033405303955,-21.73704719543457,source,happy
58.05723190307617,-19.405855178833008,source,happy
-9.188501358032227,19.29046058654785,source,happy
-7.825379848480225,28.857421875,source,happy
-7.304839611053467,1.1595581769943237,source,happy
-16.29863929748535,-14.645490646362305,source,happy
-26.004566192626953,-24.239458084106445,source,happy
-20.804283142089844,5.908393383026123,source,neutral
-23.97535514831543,10.984414100646973,source,happy
-16.01900291442871,-30.8123836517334,source,happy
-14.692992210388184,-36.147216796875,source,happy
54.96922302246094,-21.226472854614258,source,happy
7.936142921447754,30.589397430419922,source,happy
-10.263344764709473,1.526854395866394,source,happy
59.63691711425781,-20.1564884185791,source,happy
-14.608983993530273,-35.581878662109375,source,happy
52.39570617675781,-24.85263442993164,source,happy
-13.212850570678711,8.07504653930664,source,happy
57.18857192993164,-21.30597686767578,source,happy
3.3139488697052,5.582239151000977,source,happy
3.3727216720581055,4.927645206451416,source,happy
-18.344919204711914,-27.243722915649414,source,happy
-18.459239959716797,-24.479171752929688,source,happy
-21.311304092407227,-28.839826583862305,source,neutral
-13.81983470916748,22.076339721679688,source,happy
-12.798288345336914,-33.552303314208984,source,happy
1.8999660015106201,-21.69492530822754,source,happy
-0.5359779596328735,-12.381486892700195,source,happy
-12.96833610534668,-25.231061935424805,source,happy
-20.68851089477539,-30.4529972076416,source,happy
-15.890460014343262,-35.271358489990234,source,happy
3.497847318649292,-15.96825885772705,source,happy
54.265132904052734,-20.54037094116211,source,happy
-18.946935653686523,-31.6207218170166,source,happy
-12.90369701385498,23.682706832885742,source,happy
2.5794034004211426,5.778183460235596,source,happy
-0.2120010405778885,-10.418745994567871,source,happy
54.801937103271484,-20.280981063842773,source,happy
43.53343963623047,-31.73381805419922,source,happy
-12.043084144592285,-25.663557052612305,source,happy
-17.803220748901367,-9.354453086853027,source,happy
3.1059627532958984,13.953634262084961,source,happy
-4.665274143218994,-3.6177210807800293,source,neutral
41.56862258911133,-30.562990188598633,source,neutral
-3.673100709915161,-0.6400460004806519,source,neutral
-4.412081241607666,-3.5585505962371826,source,neutral
-5.70525598526001,27.959318161010742,source,neutral
-6.658300876617432,26.140113830566406,source,neutral
-2.125734567642212,18.741287231445312,source,neutral
-16.50875473022461,-32.82162094116211,source,neutral
-5.573091506958008,0.02203492261469364,source,neutral
-4.457880973815918,-2.972890853881836,source,neutral
41.9470100402832,-31.8333740234375,source,neutral
-6.629847526550293,29.00251579284668,source,neutral
57.96730422973633,-20.864233016967773,source,neutral
36.7844123840332,-33.06345748901367,source,neutral
-20.705411911010742,-6.691553592681885,source,neutral
-15.191822052001953,-16.004650115966797,source,neutral
-4.670248508453369,-3.9871675968170166,source,neutral
-7.053068161010742,26.15208625793457,source,neutral
-19.648672103881836,-27.32172203063965,source,neutral
-2.556518077850342,18.610750198364258,source,neutral
-9.791386604309082,26.2187442779541,source,neutral
-6.8365797996521,26.655269622802734,source,neutral
-2.7834079265594482,-2.8297739028930664,source,neutral
-5.282732963562012,-0.47485819458961487,source,neutral
-4.8419880867004395,-1.75005042552948,source,neutral
38.916542053222656,-31.608924865722656,source,neutral
35.6308708190918,-32.08049011230469,source,neutral
-4.47300386428833,1.1595584154129028,source,neutral
-21.81464958190918,-22.223539352416992,source,neutral
5.185252666473389,16.548643112182617,source,neutral
-23.922664642333984,-17.8996524810791,source,neutral
0.6870933771133423,-11.62723159790039,source,neutral
0.44539186358451843,-14.016288757324219,source,neutral
43.80360794067383,-30.961519241333008,source,neutral
-14.075957298278809,-34.75669860839844,source,neutral
-20.881553649902344,7.554305076599121,source,neutral
-1.979675054550171,-21.843523025512695,source,happy
5.048239707946777,16.266603469848633,source,neutral
-13.001313209533691,13.101165771484375,source,neutral
-13.244290351867676,24.44441795349121,source,happy
-11.927386283874512,-25.86639404296875,source,neutral
41.50032424926758,-31.12629508972168,source,neutral
-15.488016128540039,-4.487095355987549,source,happy
-15.272308349609375,-4.277092456817627,source,happy
39.5572624206543,-31.41337776184082,source,happy
-33.69342041015625,-15.727347373962402,source,sad
-42.94150161743164,-4.235878944396973,source,sad
-24.91983413696289,-20.423795700073242,source,sad
-30.36690902709961,1.4180290699005127,source,sad
-24.72830581665039,-21.07257652282715,source,neutral
-19.95755958557129,-14.775097846984863,source,angry
-22.091176986694336,-28.449861526489258,source,neutral
41.524600982666016,-31.220876693725586,source,neutral
-36.11209487915039,-5.620879173278809,source,neutral
-24.397584915161133,-3.6520307064056396,source,neutral
-20.458240509033203,-15.971028327941895,source,sad
-18.901519775390625,-29.751768112182617,source,angry
-4.9570417404174805,-29.38884925842285,source,angry
31.901477813720703,-33.21524429321289,source,angry
-27.05517578125,-3.0147531032562256,source,angry
-30.0234432220459,-22.879566192626953,source,sad
4.049029350280762,40.31015396118164,source,angry
7.03346586227417,4.291137218475342,source,angry
-35.99615478515625,-5.1136651039123535,source,neutral
-15.511384010314941,-22.655580520629883,source,angry
-10.65993595123291,33.07356262207031,source,angry
-16.38133430480957,-20.12285804748535,source,angry
-19.750947952270508,-20.35637855529785,source,angry
-22.728626251220703,-26.910470962524414,source,neutral
8.450437545776367,-4.1487627029418945,target,sad
2.5129754543304443,-20.123994827270508,target,sad
21.139293670654297,-0.444506973028183,target,sad
6.120142936706543,27.38890266418457,target,neutral
-4.007041931152344,14.716190338134766,target,neutral
5.974106788635254,28.719789505004883,target,neutral
-5.031645774841309,39.137935638427734,target,neutral
4.528689861297607,-25.626543045043945,target,angry
5.712942123413086,-13.798383712768555,target,happy
15.08654499053955,33.119041442871094,target,angry
-5.423901557922363,6.734825134277344,target,angry
-14.464648246765137,32.04332733154297,target,sad
4.334156513214111,-4.307037830352783,target,neutral
12.401853561401367,10.64982795715332,target,neutral
15.795263290405273,-8.82678508758545,target,neutral
2.5789310932159424,-31.180932998657227,target,angry
13.898258209228516,21.30815315246582,target,happy
3.9547860622406006,-30.398136138916016,target,angry
15.806349754333496,40.890846252441406,target,sad
22.17099380493164,20.28278350830078,target,neutral
-10.131207466125488,25.19535255432129,target,happy
17.425844192504883,-16.15031623840332,target,sad
18.21026611328125,-3.80595326423645,target,neutral
10.099194526672363,-14.506901741027832,target,sad
10.291275978088379,-16.680376052856445,target,neutral
18.302223205566406,36.367271423339844,target,happy
13.862800598144531,1.8816719055175781,target,neutral
21.54602813720703,42.13523864746094,target,happy
0.7639368176460266,27.485675811767578,target,angry
-10.035085678100586,25.110755920410156,target,happy
-2.198707342147827,3.5254786014556885,target,happy
23.437700271606445,21.262470245361328,target,sad
13.206673622131348,-6.679426670074463,target,sad
10.276811599731445,44.411376953125,target,sad
16.8956241607666,-18.914154052734375,target,sad
20.19561767578125,43.82601547241211,target,neutral
9.452123641967773,-8.254446029663086,target,angry
-0.9020004272460938,-18.77289581298828,target,happy
8.598259925842285,-20.337078094482422,target,neutral
-1.3434301614761353,19.21689224243164,target,angry
2.0144026279449463,-27.28731346130371,target,happy
16.729888916015625,-15.871841430664062,target,angry
-18.741796493530273,-0.9502891302108765,target,angry
26.109357833862305,8.496231079101562,target,neutral
21.19893455505371,-7.514997482299805,target,angry
15.34401798248291,-16.296478271484375,target,angry
20.183443069458008,43.788055419921875,target,sad
12.586143493652344,35.50418472290039,target,neutral
4.477236747741699,-13.362404823303223,target,sad
10.462656021118164,-26.20084571838379,target,neutral
-3.591801643371582,-0.9048376679420471,target,angry
13.92148494720459,42.25359344482422,target,happy
9.30065631866455,-12.896292686462402,target,neutral
-9.815101623535156,-18.535066604614258,target,happy
-11.244573593139648,-19.359893798828125,target,angry
-6.95695161819458,-12.1261568069458,target,angry
21.60856056213379,25.832317352294922,target,neutral
12.373133659362793,-8.47500991821289,target,neutral
22.6224365234375,-10.108287811279297,target,angry
4.104443073272705,40.61711120605469,target,neutral
20.419492721557617,1.9991350173950195,target,angry
13.597039222717285,37.515220642089844,target,sad
20.51597023010254,28.39147186279297,target,angry
-9.255536079406738,31.805381774902344,target,happy
-0.5003931522369385,-29.595048904418945,target,happy
5.074194431304932,-16.934024810791016,target,happy
17.59742546081543,2.112530469894409,target,angry
18.389650344848633,44.627193450927734,target,happy
-20.69381332397461,-0.05906950309872627,target,sad
13.062902450561523,-8.99688720703125,target,happy
-10.854514122009277,-11.389225006103516,target,happy
-3.6550159454345703,-2.069566488265991,target,happy
-3.3558475971221924,-25.758548736572266,target,happy
-18.677886962890625,-7.104116439819336,target,angry
-4.651710510253906,9.16542911529541,target,neutral
-16.069984436035156,-24.757314682006836,target,neutral
6.088666915893555,9.2040376663208,target,happy
16.24745750427246,-12.788564682006836,target,happy
2.458981513977051,-8.383857727050781,target,neutral
19.61614227294922,27.5300350189209,target,neutral
0.42536574602127075,29.059123992919922,target,angry
11.88952922821045,-8.280631065368652,target,happy
14.845020294189453,39.09418487548828,target,happy
11.696966171264648,-1.6059247255325317,target,happy
25.699060440063477,2.7001821994781494,target,happy
21.27862548828125,15.056207656860352,target,neutral
19.643497467041016,38.627716064453125,target,neutral
-26.726987838745117,14.266905784606934,target,sad
18.859216690063477,5.060028076171875,target,sad
19.28657341003418,39.716670989990234,target,angry
-4.69026517868042,6.412978649139404,target,happy
3.0893075466156006,40.92576599121094,target,happy
17.01045036315918,8.846301078796387,target,happy
21.59229278564453,7.257805824279785,target,neutral
17.573339462280273,7.840680122375488,target,happy
22.939266204833984,0.5817496180534363,target,sad
-25.667606353759766,8.341547966003418,target,angry
2.955392837524414,3.811709403991699,target,angry
-20.561443328857422,-3.439803123474121,target,sad
5.943251132965088,6.3779778480529785,target,angry
25.131563186645508,2.4692859649658203,target,happy
21.704692840576172,32.98301315307617,target,sad
24.69554901123047,8.787001609802246,target,neutral
-0.883712887763977,37.515464782714844,target,neutral
3.9385111331939697,-6.231302261352539,target,happy
12.24073600769043,36.14111328125,target,happy
-3.5640153884887695,-20.54322052001953,target,happy
9.211048126220703,14.901589393615723,target,happy
11.979061126708984,4.751143932342529,target,happy
20.94253921508789,24.260812759399414,target,happy
19.089292526245117,8.924530982971191,target,happy
18.724933624267578,35.247215270996094,target,sad
21.662445068359375,32.481231689453125,target,sad
0.240443617105484,5.472605228424072,target,neutral
10.647467613220215,31.809898376464844,target,angry
-0.14234845340251923,-28.6781005859375,target,sad
4.277754783630371,25.645828247070312,target,angry
7.2286858558654785,41.42071533203125,target,neutral
-2.132962942123413,-7.0798187255859375,target,angry
27.52060890197754,-1.1338564157485962,target,happy
11.913293838500977,0.050315819680690765,target,angry
16.24943733215332,41.72071838378906,target,sad
18.69808578491211,29.956865310668945,target,neutral
-9.856290817260742,-14.163938522338867,target,sad
12.57620620727539,-3.719735860824585,target,happy
4.89796781539917,-26.903074264526367,target,neutral
8.00926399230957,-24.048616409301758,target,neutral
-29.90403938293457,-16.071035385131836,target,neutral
9.66991138458252,-19.10662269592285,target,happy
-10.527276992797852,-6.354626655578613,target,angry
-20.620790481567383,-0.033062227070331573,target,neutral
8.5397310256958,-13.803210258483887,target,neutral
-6.986520767211914,-24.258405685424805,target,angry
1.5450820922851562,-28.055368423461914,target,angry
-9.211036682128906,30.970197677612305,target,happy
4.610071182250977,-4.049017429351807,target,neutral
10.56108283996582,38.26367950439453,target,sad
5.837369441986084,39.95985412597656,target,sad
22.078889846801758,24.831392288208008,target,happy
25.570178985595703,34.41057586669922,target,angry
-25.729272842407227,-16.475309371948242,target,neutral
12.833844184875488,-12.454267501831055,target,happy
21.46384048461914,28.770782470703125,target,sad
17.049964904785156,38.45612716674805,target,sad
6.263103008270264,44.343482971191406,target,neutral
-0.023823413997888565,22.60210609436035,target,sad
3.205758571624756,-12.710899353027344,target,neutral
14.421760559082031,37.136314392089844,target,sad
16.338375091552734,42.85954666137695,target,happy
14.424629211425781,-9.816372871398926,target,happy
23.095611572265625,21.079410552978516,target,neutral
22.160947799682617,31.91931915283203,target,sad
12.259430885314941,1.729130744934082,target,neutral
12.36611557006836,-0.9161447882652283,target,happy
16.788522720336914,-21.20323944091797,target,angry
-4.992047309875488,-23.715553283691406,target,angry
14.17342472076416,-25.554731369018555,target,neutral
9.22214412689209,-5.444545269012451,target,sad
-1.0145140886306763,-15.961989402770996,target,sad
5.606015682220459,25.656339645385742,target,angry
-12.147564888000488,-9.438566207885742,target,neutral
-2.3525009155273438,-14.375931739807129,target,happy
-7.252382755279541,-11.74144458770752,target,angry
15.382033348083496,38.163692474365234,target,sad
12.847315788269043,5.488379955291748,target,neutral
2.22117280960083,-24.14642906188965,target,happy
12.401815414428711,-7.14791202545166,target,happy
12.944639205932617,10.01172161102295,target,happy
9.953545570373535,9.346041679382324,target,happy
-0.20543918013572693,-25.51416778564453,target,sad
-3.8433682918548584,14.289968490600586,target,neutral
-6.436082363128662,24.47401237487793,target,sad
14.380660057067871,2.330078363418579,target,angry
6.98381233215332,-11.209537506103516,target,neutral
-15.047075271606445,-34.346405029296875,target,sad
-10.946126937866211,-10.608172416687012,target,sad
11.6539888381958,-12.514690399169922,target,neutral
11.607100486755371,-22.56586456298828,target,sad
-14.838078498840332,-23.032236099243164,target,angry
-0.4800269305706024,37.971656799316406,target,neutral
13.801470756530762,-1.7109280824661255,target,angry
7.289270877838135,-6.072901725769043,target,sad
21.081768035888672,-1.6620078086853027,target,happy
-1.9131402969360352,12.376242637634277,target,neutral
23.020751953125,-0.6583674550056458,target,neutral
22.474411010742188,10.57528305053711,target,neutral
25.484535217285156,4.65235710144043,target,happy
19.103504180908203,38.805702209472656,target,angry
21.34723472595215,37.96689987182617,target,angry
13.04004955291748,33.11054611206055,target,neutral
8.450191497802734,-19.323810577392578,target,happy
24.58717155456543,-4.258513927459717,target,neutral
19.40275001525879,33.320518493652344,target,sad
14.563149452209473,40.833168029785156,target,sad
10.693472862243652,34.13630676269531,target,neutral
14.89003849029541,0.24862278997898102,target,happy
6.229536533355713,-23.334423065185547,target,happy
6.648914337158203,33.818626403808594,target,neutral
9.943657875061035,-13.404202461242676,target,sad
17.847049713134766,0.21365010738372803,target,happy
19.487178802490234,24.48784828186035,target,neutral
5.194920539855957,-11.674818992614746,target,neutral
5.971447467803955,37.92414093017578,target,angry
4.325621128082275,-31.094154357910156,target,sad
-10.830545425415039,5.348091125488281,target,happy
17.788820266723633,-1.4170541763305664,target,sad
10.58990478515625,37.28864669799805,target,sad
19.80120086669922,-4.0902886390686035,target,sad
-25.661069869995117,-9.007006645202637,target,happy
25.7169246673584,35.572906494140625,target,happy
26.71570587158203,0.6235050559043884,target,happy
24.207542419433594,19.850461959838867,target,neutral
11.377992630004883,-18.95977210998535,target,angry
0.5145021080970764,26.47833824157715,target,angry
2.4130513668060303,-19.439189910888672,target,happy
18.610803604125977,27.551382064819336,target,angry
8.531219482421875,-7.953403472900391,target,angry
6.093811988830566,-18.62701988220215,target,sad
12.119148254394531,35.40700912475586,target,neutral
6.329300880432129,5.5196309089660645,target,sad
20.80173683166504,37.518070220947266,target,angry
20.554948806762695,6.818210601806641,target,neutral
16.125282287597656,5.644705295562744,target,neutral
11.215999603271484,-17.67578125,target,angry
7.916282653808594,-24.43330955505371,target,neutral
9.153504371643066,-3.8155646324157715,target,happy
6.350611686706543,-27.70003890991211,target,happy
12.361300468444824,-19.224613189697266,target,happy
-17.064403533935547,23.016929626464844,target,sad
16.27357292175293,1.6144810914993286,target,angry
6.636941432952881,-26.72618865966797,target,neutral
-2.304511785507202,-30.306657791137695,target,angry
6.872685432434082,-25.8505916595459,target,neutral
-11.384261131286621,25.766822814941406,target,angry
6.84367036819458,-18.447694778442383,target,neutral
22.778762817382812,-7.949779033660889,target,neutral
22.419981002807617,24.96674156188965,target,sad
13.234646797180176,1.8465884923934937,target,angry
17.025426864624023,5.4310150146484375,target,neutral
24.16183090209961,30.340087890625,target,angry
20.227689743041992,12.244400024414062,target,angry
5.419858455657959,-6.538954734802246,target,happy
1.3402743339538574,-4.528412818908691,target,happy
-12.015069007873535,34.66218566894531,target,sad
24.421335220336914,23.936559677124023,target,neutral
6.264026641845703,27.238283157348633,target,happy
23.471492767333984,3.5386569499969482,target,neutral
10.632745742797852,-15.406548500061035,target,sad
18.726316452026367,10.501605033874512,target,angry
20.77306365966797,42.14252471923828,target,neutral
13.443406105041504,29.36516761779785,target,neutral
21.800460815429688,33.37648010253906,target,sad
13.503776550292969,-17.584487915039062,target,happy
16.89044189453125,31.759248733520508,target,neutral
12.787459373474121,33.91852951049805,target,sad
24.321273803710938,7.504342555999756,target,angry
10.502747535705566,-17.475894927978516,target,sad
-23.27756690979004,-2.3722190856933594,target,happy
20.142202377319336,36.681339263916016,target,neutral
21.751127243041992,8.48825740814209,target,sad
-2.584226131439209,33.00193786621094,target,sad
19.60515022277832,7.271570205688477,target,sad
13.659788131713867,0.3503536880016327,target,angry
13.419312477111816,4.077356815338135,target,neutral
18.58713150024414,4.883450031280518,target,neutral
-23.90713119506836,2.1385080814361572,target,sad
6.018661975860596,28.393346786499023,target,happy
22.539047241210938,10.557738304138184,target,neutral
9.119050979614258,38.07181167602539,target,neutral
16.538740158081055,-23.242229461669922,target,sad
24.207027435302734,20.338518142700195,target,happy
1.030047059059143,-29.796497344970703,target,happy
20.961475372314453,-14.754088401794434,target,angry
24.999507904052734,-1.7326070070266724,target,neutral
0.43065714836120605,26.638708114624023,target,angry
17.358793258666992,22.543609619140625,target,angry
-17.475603103637695,31.706253051757812,target,sad
15.49117374420166,17.744831085205078,target,angry
15.458932876586914,-11.730249404907227,target,happy
-9.250280380249023,23.043363571166992,target,angry
6.870889186859131,23.62939453125,target,neutral
26.889881134033203,0.8645500540733337,target,angry
15.3107271194458,20.445804595947266,target,happy
24.542695999145508,-4.4250383377075195,target,angry
17.7862491607666,2.8026440143585205,target,angry
13.45450210571289,-4.522552967071533,target,sad
-21.050445556640625,7.864483833312988,target,neutral
-7.0160651206970215,33.062313079833984,target,neutral
-14.970288276672363,32.280574798583984,target,sad
11.02485179901123,-9.641658782958984,target,happy
14.78261947631836,-26.87451934814453,target,neutral
15.543460845947266,19.516199111938477,target,angry
-29.396657943725586,-15.627388000488281,target,neutral
8.55351734161377,-27.020740509033203,target,angry
19.441207885742188,37.53164291381836,target,angry
5.538656234741211,-26.929170608520508,target,sad
10.630666732788086,15.094000816345215,target,angry
9.347151756286621,-23.829687118530273,target,sad
-17.533966064453125,23.457000732421875,target,neutral
21.202224731445312,-16.99359893798828,target,angry
27.34259796142578,-0.4394132196903229,target,happy
17.855941772460938,-0.005478105042129755,target,angry
-8.310957908630371,11.910155296325684,target,neutral
13.556968688964844,29.27469825744629,target,neutral
1.850592851638794,-15.97144889831543,target,sad
16.14612579345703,-1.7864192724227905,target,neutral
20.61276626586914,4.7486443519592285,target,neutral
-15.483129501342773,-25.67536735534668,target,neutral
11.929726600646973,-7.943758487701416,target,sad
6.01922607421875,-29.069904327392578,target,neutral
14.384076118469238,-10.977176666259766,target,angry
21.94696807861328,-4.905013561248779,target,sad
10.917057037353516,17.75609588623047,target,neutral
26.469148635864258,22.125263214111328,target,sad
17.796796798706055,29.72877311706543,target,neutral
19.17331314086914,20.76127815246582,target,neutral
10.966887474060059,-2.81600284576416,target,angry
17.270050048828125,40.264644622802734,target,neutral
0.9137876629829407,27.358497619628906,target,angry
25.695802688598633,32.29694366455078,target,sad
-3.8381643295288086,30.230012893676758,target,happy
20.455646514892578,24.884000778198242,target,neutral
20.46149253845215,35.15989303588867,target,sad
-6.618840217590332,11.731589317321777,target,neutral
26.72041893005371,22.071317672729492,target,neutral
5.566342830657959,-6.978646755218506,target,happy
24.781774520874023,27.917030334472656,target,angry
21.0062198638916,-8.929658889770508,target,sad
-6.876335144042969,25.056133270263672,target,angry
23.753862380981445,-5.512901782989502,target,happy
3.0088703632354736,-28.49186134338379,target,happy
2.97312068939209,-24.723363876342773,target,neutral
13.258587837219238,-19.38597869873047,target,sad
19.078462600708008,10.234535217285156,target,sad
16.29361915588379,34.62216567993164,target,neutral
11.297503471374512,-12.324563980102539,target,angry
-12.984395027160645,-16.58891487121582,target,neutral
26.79680633544922,6.785366535186768,target,sad
16.841798782348633,25.80725860595703,target,neutral
23.627819061279297,-6.368332862854004,target,happy
12.819145202636719,42.89759826660156,target,neutral
12.715975761413574,5.52375602722168,target,happy
6.948531627655029,-9.54819393157959,target,neutral
23.368579864501953,24.062938690185547,target,angry
2.3776466846466064,12.944286346435547,target,angry
18.871002197265625,30.933652877807617,target,neutral
12.371777534484863,-20.57002830505371,target,angry
14.569732666015625,39.15019607543945,target,happy
7.0602545738220215,1.7298688888549805,target,sad
-6.298876762390137,-5.708109378814697,target,happy
21.341766357421875,-10.017261505126953,target,happy
17.502450942993164,-1.5292296409606934,target,sad
6.982664108276367,-25.89407730102539,target,happy
8.754363059997559,-10.347679138183594,target,happy
-1.3473045825958252,39.39735794067383,target,neutral
6.863694190979004,8.555731773376465,target,happy
-9.661022186279297,-3.203800916671753,target,happy
20.935346603393555,-1.8967896699905396,target,happy
12.14070987701416,-26.735658645629883,target,neutral
-0.09513620287179947,25.37584114074707,target,angry
-9.255732536315918,21.897937774658203,target,happy
8.560784339904785,-17.553598403930664,target,neutral
18.04971694946289,16.022119522094727,target,happy
5.277868747711182,-25.780946731567383,target,neutral
11.151908874511719,39.9547233581543,target,sad
7.999269008636475,-18.59963035583496,target,happy
22.514537811279297,29.440181732177734,target,neutral
3.034364938735962,-29.63178825378418,target,happy
-6.72235107421875,12.106754302978516,target,angry
4.952513694763184,-28.775346755981445,target,sad
15.853948593139648,-13.616515159606934,target,sad
-2.3148181438446045,-0.8192159533500671,target,happy
18.49599266052246,44.693538665771484,target,happy
11.713379859924316,-19.755062103271484,target,sad
28.25522804260254,2.170698642730713,target,angry
-33.865028381347656,-17.78155517578125,target,happy
5.640974521636963,-30.385356903076172,target,happy
-10.221153259277344,31.536149978637695,target,neutral
11.106428146362305,33.85451889038086,target,angry
17.999324798583984,7.390298366546631,target,neutral
10.693756103515625,28.537702560424805,target,angry
28.369516372680664,28.783403396606445,target,angry
-3.964053153991699,20.725177764892578,target,angry
-26.10385513305664,-9.000432968139648,target,neutral
17.813934326171875,6.002345561981201,target,sad
0.8410365581512451,-28.9434814453125,target,angry
-2.621919631958008,-6.350264072418213,target,angry
22.289798736572266,7.366187572479248,target,happy
-17.86903953552246,-8.040706634521484,target,angry
10.235289573669434,28.160165786743164,target,happy
19.767274856567383,9.749495506286621,target,happy
15.757155418395996,9.224627494812012,target,neutral
9.112091064453125,-3.0243372917175293,target,sad
21.365985870361328,-4.776607990264893,target,angry
-0.7573060393333435,-0.33456093072891235,target,neutral
21.93929100036621,-8.414669036865234,target,angry
15.674500465393066,20.857295989990234,target,happy
15.755231857299805,-16.374719619750977,target,angry
19.99936866760254,19.765851974487305,target,sad
3.7303197383880615,1.7059592008590698,target,angry
19.88563346862793,1.0212242603302002,target,neutral
-6.9857964515686035,22.3492374420166,target,happy
25.105083465576172,25.43684196472168,target,angry
40.78658676147461,-30.036468505859375,target,neutral
21.737258911132812,-15.607290267944336,target,neutral
13.48383617401123,26.056705474853516,target,sad
18.575191497802734,39.17410659790039,target,neutral
19.417945861816406,2.3782882690429688,target,sad
-9.184837341308594,36.63488006591797,target,happy
28.129812240600586,27.03376579284668,target,happy
16.883615493774414,4.329282283782959,target,neutral
10.692952156066895,-2.1224117279052734,target,sad
-11.363046646118164,-12.974555969238281,target,sad
25.43857765197754,-2.2285680770874023,target,happy
19.392045974731445,42.50732421875,target,happy
-27.067180633544922,0.6094074249267578,target,sad
-7.44927453994751,-24.583744049072266,target,angry
13.911208152770996,-5.7486653327941895,target,happy
6.508408069610596,-16.307388305664062,target,happy
16.971323013305664,-17.957529067993164,target,sad
2.2961697578430176,-28.718135833740234,target,angry
5.776467800140381,-14.838095664978027,target,sad
8.497685432434082,-18.588064193725586,target,happy
-16.64113998413086,1.4130072593688965,target,neutral
24.705556869506836,6.1830339431762695,target,sad
-0.5332553386688232,40.22721481323242,target,sad
15.698433876037598,30.322385787963867,target,sad
13.029829978942871,-15.146261215209961,target,sad
12.381132125854492,-25.1600284576416,target,neutral
13.135527610778809,31.45920753479004,target,neutral
22.406396865844727,2.652531623840332,target,angry
10.19464111328125,22.4821720123291,target,neutral
5.088861465454102,7.195503234863281,target,angry
0.5602965354919434,23.024185180664062,target,sad
-9.341925621032715,-30.628398895263672,target,happy
13.011739730834961,-10.897015571594238,target,angry
12.830083847045898,1.5503082275390625,target,neutral
-8.329484939575195,37.452232360839844,target,sad
19.519872665405273,-17.899991989135742,target,sad
16.995506286621094,36.38869857788086,target,angry
19.877166748046875,13.475299835205078,target,sad
10.867902755737305,-2.8589956760406494,target,angry
0.35288360714912415,26.639854431152344,target,angry
15.582159042358398,-3.6580216884613037,target,happy
1.6672273874282837,-8.058812141418457,target,neutral
14.453764915466309,34.13124084472656,target,sad
8.765161514282227,40.98614501953125,target,sad
2.7188684940338135,-27.92003059387207,target,sad
6.5280914306640625,5.224424839019775,target,angry
8.426236152648926,16.374208450317383,target,sad
16.504179000854492,-5.070464134216309,target,happy
25.745576858520508,34.051673889160156,target,angry
8.395491600036621,-17.25498390197754,target,neutral
-10.25073528289795,-34.149105072021484,target,sad
6.89514684677124,35.35761260986328,target,neutral
25.836355209350586,30.197139739990234,target,happy
15.569720268249512,25.6081600189209,target,angry
-20.21013832092285,-25.71132469177246,target,sad
21.74079704284668,25.731605529785156,target,neutral
12.913042068481445,32.3819694519043,target,sad
10.110638618469238,-0.44615164399147034,target,angry
-0.39006713032722473,37.971927642822266,target,happy
-11.904214859008789,-18.45608139038086,target,happy
-2.8801729679107666,-19.170562744140625,target,sad
20.660884857177734,39.7000732421875,target,neutral
21.668603897094727,-15.878450393676758,target,sad
4.556056499481201,-19.103727340698242,target,sad
2.8876383304595947,-24.836278915405273,target,neutral
3.658635377883911,-28.189470291137695,target,neutral
3.6004624366760254,-23.39732551574707,target,sad
20.504491806030273,20.16258430480957,target,neutral
-4.304415702819824,15.648006439208984,target,happy
-7.19432258605957,-24.38223648071289,target,angry
12.590481758117676,-15.301304817199707,target,neutral
12.290499687194824,13.480280876159668,target,sad
16.788150787353516,23.39491081237793,target,happy
8.404641151428223,-24.02863311767578,target,angry
16.56732940673828,0.6606690883636475,target,angry
6.025457382202148,19.871496200561523,target,angry
-1.1792408227920532,-30.85625457763672,target,neutral
-0.3941369354724884,-31.373003005981445,target,sad
25.14212417602539,-6.941122531890869,target,neutral
8.055607795715332,-12.262767791748047,target,neutral
23.1806640625,2.673830270767212,target,happy
7.697397708892822,-11.228737831115723,target,neutral
21.01926040649414,41.32596206665039,target,angry
-3.597986936569214,-25.449344635009766,target,angry
20.431657791137695,40.69328689575195,target,neutral
3.7116007804870605,2.087571144104004,target,angry
18.446046829223633,41.69609451293945,target,angry
19.351850509643555,17.99182891845703,target,angry
15.806943893432617,6.170142650604248,target,neutral
-10.498908042907715,2.583897590637207,target,neutral
11.977807998657227,39.88161849975586,target,neutral
16.493440628051758,20.615175247192383,target,happy
2.2764010429382324,-17.62322425842285,target,neutral
-26.586833953857422,-18.10447120666504,target,neutral
4.3698015213012695,-6.554648399353027,target,happy
17.562915802001953,29.019323348999023,target,neutral
28.28582763671875,2.0604307651519775,target,happy
21.716487884521484,23.326499938964844,target,neutral
19.36701011657715,40.70402908325195,target,sad
9.88595962524414,11.26704216003418,target,happy
14.69818115234375,-1.0937268733978271,target,angry
12.558472633361816,-16.418041229248047,target,angry
8.808236122131348,-2.118090867996216,target,sad
-5.185840129852295,-22.085447311401367,target,happy
23.127622604370117,-1.252843976020813,target,sad
24.360929489135742,35.571754455566406,target,happy
24.486610412597656,25.997812271118164,target,sad
3.815945863723755,-25.43427085876465,target,neutral
15.453570365905762,13.113016128540039,target,sad
18.308162689208984,-15.841852188110352,target,angry
15.665122032165527,-13.89424991607666,target,sad
17.17611312866211,-5.956221103668213,target,sad
-38.13157653808594,-0.31929996609687805,target,sad
6.3668317794799805,-14.300153732299805,target,neutral
2.8584232330322266,11.003289222717285,target,happy
-8.056124687194824,-19.591936111450195,target,neutral
-1.250599980354309,4.373507499694824,target,angry
2.5160586833953857,-14.482611656188965,target,sad
16.042112350463867,1.799038052558899,target,angry
-4.828995704650879,4.943225860595703,target,angry
-0.3113267421722412,-26.784345626831055,target,sad
11.731233596801758,39.85501480102539,target,neutral
4.09417724609375,-19.831256866455078,target,sad
19.011547088623047,26.17947769165039,target,neutral
8.77144718170166,34.80612564086914,target,sad
20.998008728027344,15.057202339172363,target,neutral
1.616184949874878,-18.744657516479492,target,angry
15.153189659118652,35.171695709228516,target,angry
18.788372039794922,21.76093292236328,target,neutral
13.399544715881348,36.57750701904297,target,neutral
-4.722581386566162,-19.811370849609375,target,angry
17.596750259399414,19.109941482543945,target,sad
23.55402183532715,2.6537373065948486,target,sad
15.684677124023438,27.896095275878906,target,sad
17.678428649902344,-17.654979705810547,target,sad
13.630939483642578,0.6974322199821472,target,angry
10.139151573181152,20.2374324798584,target,angry
9.747876167297363,-27.325681686401367,target,sad
6.221683979034424,-9.588966369628906,target,neutral
15.018659591674805,23.465147018432617,target,neutral
-4.381425380706787,-19.540037155151367,target,happy
22.709741592407227,0.573584794998169,target,happy
12.586161613464355,-24.843599319458008,target,sad
-10.152325630187988,17.120819091796875,target,happy
10.917016983032227,-10.726740837097168,target,neutral
-5.192654609680176,6.21784782409668,target,angry
10.376299858093262,22.93545150756836,target,angry
-6.242273807525635,23.092838287353516,target,happy
5.326852321624756,-28.911827087402344,target,sad
-27.640596389770508,-4.469198226928711,target,neutral
-12.444137573242188,22.303443908691406,target,happy
22.89345359802246,9.258259773254395,target,sad
-1.4974994659423828,-19.84027671813965,target,sad
18.647987365722656,-0.8309948444366455,target,happy
-2.6469943523406982,-30.427661895751953,target,sad
9.245340347290039,-0.5783921480178833,target,neutral
23.39438819885254,38.47983932495117,target,neutral
20.032867431640625,7.127863883972168,target,neutral
21.577922821044922,26.760618209838867,target,neutral
17.167943954467773,38.539493560791016,target,sad
10.296073913574219,37.891761779785156,target,sad
18.55615997314453,27.039081573486328,target,neutral
12.550984382629395,14.07456111907959,target,sad
-4.721829414367676,-24.28990364074707,target,angry
-0.7786192893981934,6.49910306930542,target,happy
-2.3764593601226807,-1.272858738899231,target,happy
13.472859382629395,-5.342502593994141,target,angry
10.664166450500488,-14.274988174438477,target,sad
7.25381326675415,36.16176986694336,target,happy
-6.547793865203857,10.730557441711426,target,sad
22.20005989074707,18.783021926879883,target,neutral
-32.21573257446289,-0.2016405314207077,target,neutral
-0.556708037853241,-21.626514434814453,target,sad
26.065013885498047,-2.27632474899292,target,sad
-3.949748992919922,38.96593475341797,target,neutral
11.533007621765137,35.79254913330078,target,sad
20.982576370239258,6.811127662658691,target,neutral
6.632074356079102,-22.25250244140625,target,happy
20.430875778198242,25.403125762939453,target,angry
3.2209413051605225,-11.972062110900879,target,neutral
18.71733283996582,6.989842891693115,target,neutral
10.886679649353027,17.70078468322754,target,happy
9.38676929473877,39.30782699584961,target,neutral
12.288104057312012,-9.734359741210938,target,happy
19.281280517578125,20.061737060546875,target,angry
19.045480728149414,17.555023193359375,target,angry
3.340862989425659,0.31088393926620483,target,neutral
19.89380645751953,18.75868797302246,target,angry
18.316560745239258,-13.131004333496094,target,neutral
25.51970672607422,-7.6994709968566895,target,neutral
6.030401229858398,5.9115891456604,target,sad
17.990320205688477,5.979760646820068,target,sad
17.08177375793457,-22.031742095947266,target,sad
-6.4184393882751465,1.8978444337844849,target,sad
-27.83160400390625,-16.986284255981445,target,happy
24.939523696899414,29.767757415771484,target,angry
24.82328987121582,9.12653636932373,target,neutral
3.8337833881378174,21.799362182617188,target,sad
13.1399564743042,37.82685852050781,target,sad
14.276206970214844,-19.589696884155273,target,happy
7.321142673492432,-29.390666961669922,target,neutral
17.27231788635254,20.910358428955078,target,angry
4.36522912979126,-29.93784523010254,target,neutral
20.57992172241211,38.76796340942383,target,happy
-20.571041107177734,2.2175164222717285,target,neutral
11.446371078491211,38.511104583740234,target,angry
34.94270324707031,-33.92107009887695,target,neutral
6.832771301269531,-25.257747650146484,target,neutral
4.346012115478516,15.287983894348145,target,neutral
32.145896911621094,-31.890384674072266,target,sad
16.928028106689453,23.836435317993164,target,neutral
28.265945434570312,28.973526000976562,target,angry
10.146231651306152,-11.315973281860352,target,sad
1.2154898643493652,-18.020187377929688,target,happy
-1.9209429025650024,-20.377647399902344,target,happy
57.29706954956055,-19.87261199951172,target,happy
0.08412931114435196,-26.926170349121094,target,happy
-11.587821960449219,24.315265655517578,target,happy
17.855802536010742,41.98534393310547,target,angry
1.3399549722671509,-27.664796829223633,target,sad
18.7423038482666,37.68464279174805,target,happy
-1.6763315200805664,-30.173038482666016,target,angry
16.568822860717773,2.8266563415527344,target,neutral
-4.1440277099609375,37.29965591430664,target,sad
11.552329063415527,-5.133937358856201,target,neutral
11.135985374450684,-17.02974510192871,target,sad
10.156975746154785,-21.81801986694336,target,sad
23.452999114990234,2.248180627822876,target,sad
19.994333267211914,-14.183050155639648,target,neutral
4.3760786056518555,-29.686017990112305,target,sad
15.085746765136719,41.5015869140625,target,neutral
1.65913724899292,28.380748748779297,target,angry
-20.194684982299805,-25.578685760498047,target,neutral
20.31356430053711,-14.233020782470703,target,sad
-1.6460920572280884,8.384295463562012,target,angry
1.104311227798462,1.8644620180130005,target,neutral
-13.341753959655762,27.022886276245117,target,sad
25.529170989990234,7.769225597381592,target,neutral
7.671194553375244,-10.860292434692383,target,neutral
19.520790100097656,-15.363237380981445,target,angry
24.017274856567383,30.328763961791992,target,angry
14.412496566772461,35.53767395019531,target,sad
13.43246078491211,-5.6116743087768555,target,sad
17.123794555664062,-9.782346725463867,target,angry
20.338390350341797,36.125587463378906,target,neutral
2.244007110595703,-5.502238750457764,target,neutral
17.500263214111328,17.759057998657227,target,happy
-13.242756843566895,-33.290550231933594,target,neutral
17.80323028564453,29.549034118652344,target,neutral
18.16105842590332,37.07724380493164,target,neutral
8.687798500061035,-16.104185104370117,target,sad
19.21729850769043,-12.647729873657227,target,neutral
7.189691543579102,25.193851470947266,target,neutral
20.445465087890625,26.38812255859375,target,neutral
6.974945068359375,-2.4993176460266113,target,happy
9.44764518737793,36.301414489746094,target,happy
9.707359313964844,-17.21161460876465,target,happy
21.3584041595459,-7.999622344970703,target,neutral
27.761327743530273,1.054868459701538,target,happy
8.50342082977295,-27.012168884277344,target,angry
16.081951141357422,-8.82132625579834,target,angry
9.815908432006836,33.876895904541016,target,sad
23.40816879272461,38.496437072753906,target,neutral
-5.694884300231934,-12.727380752563477,target,angry
-1.577996015548706,17.846406936645508,target,angry
9.149208068847656,4.811119556427002,target,happy
10.668861389160156,-0.2625950276851654,target,angry
-34.86438751220703,-18.08664321899414,target,happy
4.885672092437744,7.319858074188232,target,angry
18.344661712646484,32.32270050048828,target,sad
4.421853542327881,9.505475044250488,target,neutral
7.76992130279541,-29.234556198120117,target,angry
20.229646682739258,23.032169342041016,target,happy
16.130218505859375,39.6581916809082,target,happy
0.7551164031028748,27.94858169555664,target,angry
1.074877142906189,-29.59701919555664,target,angry
14.946884155273438,7.340190887451172,target,happy
10.988234519958496,-1.0996084213256836,target,happy
6.562583923339844,42.3460807800293,target,neutral
15.807418823242188,21.90129280090332,target,angry
-0.02307805046439171,-20.206409454345703,target,happy
12.298911094665527,37.22035217285156,target,neutral
1.256037950515747,-30.701644897460938,target,sad
-16.711801528930664,-1.7197668552398682,target,angry
27.987558364868164,5.227749347686768,target,neutral
-7.26519775390625,-9.081619262695312,target,neutral
5.1570892333984375,-23.343013763427734,target,angry
1.5138920545578003,32.129886627197266,target,neutral
21.243989944458008,27.569623947143555,target,angry
7.672880172729492,-15.909327507019043,target,happy
3.330822706222534,-30.171998977661133,target,happy
13.839776039123535,34.599151611328125,target,sad
17.290571212768555,43.89610290527344,target,happy
15.254725456237793,13.182817459106445,target,angry
17.817455291748047,0.9404703378677368,target,happy
-21.73666000366211,8.4108304977417,target,neutral
6.473808288574219,-11.845155715942383,target,neutral
20.803300857543945,22.89173698425293,target,happy
7.5684814453125,-17.94809341430664,target,happy
8.207233428955078,17.48131561279297,target,happy
13.356767654418945,39.01744079589844,target,neutral
18.119482040405273,-3.6884982585906982,target,happy
22.263690948486328,-5.320117950439453,target,angry
20.625539779663086,27.880672454833984,target,angry
16.843618392944336,4.814667701721191,target,neutral
-3.879373073577881,19.013708114624023,target,happy
-2.087237596511841,23.15512466430664,target,happy
11.6027193069458,33.463226318359375,target,happy
0.4244083762168884,40.8782958984375,target,sad
13.740036964416504,-1.6756036281585693,target,angry
13.26474666595459,36.097145080566406,target,sad
14.386144638061523,34.32173538208008,target,angry
7.7760162353515625,-9.828207969665527,target,angry
-12.019970893859863,-12.617386817932129,target,neutral
4.050628185272217,7.985669136047363,target,angry
-17.723342895507812,-7.795774459838867,target,happy
13.028217315673828,-11.031238555908203,target,neutral
16.74097442626953,37.32228088378906,target,happy
19.95613670349121,29.63153839111328,target,happy
22.771631240844727,12.992654800415039,target,angry
14.78495979309082,-7.779225826263428,target,sad
21.73350715637207,28.430919647216797,target,neutral
9.46035099029541,-7.97598123550415,target,neutral
12.116008758544922,38.92619323730469,target,angry
9.689672470092773,4.559268474578857,target,happy
-10.332895278930664,-14.260629653930664,target,angry
25.137479782104492,7.241430282592773,target,sad
11.0193452835083,-28.69205665588379,target,sad
23.197721481323242,21.768178939819336,target,sad
-16.4381160736084,-9.576129913330078,target,angry
0.9789488315582275,-24.72969627380371,target,sad
17.45713996887207,36.45907974243164,target,angry
10.076848983764648,-20.318178176879883,target,angry
7.025859355926514,-6.067738056182861,target,angry
10.951019287109375,-7.330732822418213,target,angry
15.223793029785156,-17.944299697875977,target,happy
10.729880332946777,-12.069509506225586,target,neutral
-10.9856595993042,-11.825374603271484,target,angry
10.304155349731445,44.45378494262695,target,angry
17.619836807250977,17.582853317260742,target,neutral
24.91643524169922,30.016361236572266,target,happy
-2.415285348892212,33.911739349365234,target,angry
15.839111328125,39.730594635009766,target,neutral
12.733917236328125,-16.244630813598633,target,neutral
16.010271072387695,38.41000747680664,target,sad
-11.179632186889648,25.804847717285156,target,happy
-0.7978628873825073,-28.118791580200195,target,angry
6.64620304107666,33.728759765625,target,neutral
25.788982391357422,35.74606704711914,target,sad
-3.051675796508789,-9.253682136535645,target,neutral
-15.840948104858398,-31.757957458496094,target,angry
-11.244718551635742,-26.59496307373047,target,sad
-11.7494535446167,24.477569580078125,target,neutral
21.950241088867188,-14.01054859161377,target,happy
13.228938102722168,37.869140625,target,sad
15.203866004943848,36.60126495361328,target,sad
6.627053260803223,-23.01483917236328,target,sad
21.52815055847168,-10.232199668884277,target,sad
18.648441314697266,38.42021179199219,target,sad
19.608978271484375,26.980737686157227,target,neutral
20.18492317199707,31.40300178527832,target,neutral
17.547033309936523,-14.381044387817383,target,sad
14.01054859161377,-27.58961296081543,target,neutral
-2.786407470703125,41.390159606933594,target,neutral
15.246646881103516,-6.493234157562256,target,sad
0.714369535446167,20.41585922241211,target,sad
5.663634777069092,11.7810640335083,target,neutral
22.196762084960938,-6.14490270614624,target,sad
-24.77226448059082,-5.435722827911377,target,happy
1.471278190612793,-1.7067408561706543,target,neutral
13.913244247436523,-14.343173027038574,target,sad
-8.561092376708984,-3.5678765773773193,target,happy
-1.7683864831924438,39.020912170410156,target,happy
-9.7884521484375,-21.377803802490234,target,angry
4.587923526763916,19.45879554748535,target,happy
18.668352127075195,30.000268936157227,target,sad
22.45469093322754,6.430541038513184,target,angry
-2.8197786808013916,-29.883766174316406,target,angry
6.2271199226379395,44.34520721435547,target,neutral
-24.667627334594727,-9.422517776489258,target,happy
-3.1237785816192627,-26.089122772216797,target,happy
-9.24533462524414,3.941969394683838,target,happy
9.511863708496094,3.7148451805114746,target,neutral
13.587757110595703,4.310572147369385,target,sad
-19.03902244567871,-30.517419815063477,target,sad
3.327667474746704,33.79161071777344,target,angry
-10.520787239074707,-13.544947624206543,target,angry
11.99852466583252,6.306441307067871,target,neutral
14.831661224365234,-10.331093788146973,target,neutral
10.317166328430176,37.93165969848633,target,sad
2.356755495071411,-26.79593849182129,target,neutral
20.700498580932617,21.467512130737305,target,sad
12.00683307647705,-1.8847962617874146,target,sad
6.996844291687012,26.00716781616211,target,sad
18.316381454467773,-18.44777488708496,target,sad
15.940714836120605,20.53123664855957,target,angry
16.962087631225586,-6.028964996337891,target,angry
17.38165855407715,38.66096878051758,target,neutral
5.136560916900635,-25.410354614257812,target,angry
11.386637687683105,-10.06572151184082,target,happy
8.519577980041504,33.7486457824707,target,angry
6.276131629943848,-18.01919174194336,target,happy
16.6994571685791,-20.220996856689453,target,neutral
-5.518804550170898,21.549989700317383,target,happy
18.934057235717773,39.35874938964844,target,happy
8.411415100097656,-20.49469566345215,target,angry
-1.7846258878707886,-14.5515718460083,target,sad
-20.342588424682617,-26.966968536376953,target,neutral
20.52427864074707,14.131261825561523,target,sad
-30.37102699279785,5.392737865447998,target,angry
25.218725204467773,-7.77935791015625,target,neutral
22.47417640686035,36.79145050048828,target,sad
18.34264373779297,-0.1994691640138626,target,happy
-1.7924745082855225,8.436410903930664,target,angry
7.114541530609131,1.9617570638656616,target,happy
-16.750106811523438,31.49986457824707,target,neutral
-13.24086856842041,-16.357765197753906,target,sad
5.239769458770752,39.622196197509766,target,angry
22.285411834716797,27.42516326904297,target,neutral
6.534561634063721,-20.009899139404297,target,sad
25.531557083129883,4.218954086303711,target,angry
24.536691665649414,4.245077610015869,target,happy
2.584214925765991,-21.46185302734375,target,neutral
23.120092391967773,26.436880111694336,target,happy
24.45442008972168,25.699060440063477,target,angry
18.955408096313477,24.014842987060547,target,sad
13.39992618560791,40.73130798339844,target,angry
-8.971511840820312,-19.300048828125,target,angry
-19.938045501708984,30.433223724365234,target,sad
5.067915916442871,-15.302776336669922,target,neutral
17.36813735961914,34.56863021850586,target,happy
10.931553840637207,34.22889709472656,target,neutral
14.844843864440918,-24.074172973632812,target,sad
-15.248083114624023,-8.281479835510254,target,neutral
-3.3331894874572754,-19.81867218017578,target,happy
8.358236312866211,-13.48337173461914,target,neutral
15.56563949584961,-10.017877578735352,target,happy
2.7176403999328613,-7.233365058898926,target,happy
4.037041187286377,10.624297142028809,target,neutral
-2.8774290084838867,-16.960641860961914,target,happy
18.88931655883789,5.658370018005371,target,angry
23.69301414489746,8.354747772216797,target,neutral
25.668039321899414,-5.30099630355835,target,angry
21.652557373046875,7.943187236785889,target,sad
-17.358022689819336,23.331409454345703,target,happy
0.9116401672363281,-6.6728692054748535,target,neutral
-18.00840187072754,-33.45045471191406,target,sad
1.0503971576690674,-13.692081451416016,target,neutral
3.204678535461426,-12.60278034210205,target,neutral
15.12317180633545,36.457454681396484,target,angry
15.500177383422852,-9.686310768127441,target,neutral
11.988445281982422,11.456482887268066,target,neutral
14.318682670593262,-11.599259376525879,target,neutral
11.08881664276123,-5.999577045440674,target,angry
16.270793914794922,36.54082489013672,target,happy
-6.050370216369629,23.389509201049805,target,happy
15.496175765991211,-18.964214324951172,target,neutral
-9.430724143981934,30.507139205932617,target,neutral
0.7897065281867981,20.300106048583984,target,angry
15.92965316772461,27.691923141479492,target,sad
-25.715974807739258,-6.757049560546875,target,neutral
15.92629623413086,-18.9894962310791,target,angry
19.81474494934082,21.22307777404785,target,happy
28.719797134399414,28.518299102783203,target,angry
20.633947372436523,2.0262279510498047,target,sad
2.0169472694396973,7.868024826049805,target,neutral
14.8695707321167,32.37052917480469,target,happy
20.2736873626709,29.208812713623047,target,happy
11.609752655029297,41.949954986572266,target,sad
11.922840118408203,-5.478929042816162,target,neutral
6.366667747497559,44.49618911743164,target,happy
1.3176641464233398,-27.04816436767578,target,happy
-2.0184497833251953,41.050750732421875,target,happy
-5.070138454437256,-23.64842414855957,target,happy
11.600297927856445,-25.32593536376953,target,neutral
11.397899627685547,-4.8457512855529785,target,angry
15.591424942016602,44.61443328857422,target,sad
10.55762767791748,23.438518524169922,target,neutral
-5.696903705596924,-28.243595123291016,target,sad
28.06028938293457,26.823762893676758,target,angry
-10.640830993652344,-15.82475471496582,target,happy
7.206528186798096,-13.372224807739258,target,angry
-21.96886444091797,-19.371726989746094,target,sad
11.6802396774292,37.804710388183594,target,angry
18.80036163330078,3.5118632316589355,target,neutral
2.341834783554077,-31.73307228088379,target,angry
-25.408035278320312,-8.921531677246094,target,sad
-11.014369010925293,9.05916976928711,target,happy
-16.48543357849121,26.695302963256836,target,sad
18.51756477355957,9.79649543762207,target,angry
0.7979077696800232,-24.84050750732422,target,happy
-29.418617248535156,-8.021100044250488,target,neutral
10.781935691833496,28.64963150024414,target,angry
11.885290145874023,-18.285259246826172,target,angry
12.62722110748291,38.84979248046875,target,happy
8.605459213256836,-15.489253044128418,target,happy
18.007932662963867,10.793299674987793,target,neutral
